-- MySQL Administrator dump 1.4
--
-- ------------------------------------------------------
-- Server version	5.6.20-log


/*!40101 SET @OLD_CHARACTER_SET_CLIENT=@@CHARACTER_SET_CLIENT */;
/*!40101 SET @OLD_CHARACTER_SET_RESULTS=@@CHARACTER_SET_RESULTS */;
/*!40101 SET @OLD_COLLATION_CONNECTION=@@COLLATION_CONNECTION */;
/*!40101 SET NAMES utf8 */;

/*!40014 SET @OLD_UNIQUE_CHECKS=@@UNIQUE_CHECKS, UNIQUE_CHECKS=0 */;
/*!40014 SET @OLD_FOREIGN_KEY_CHECKS=@@FOREIGN_KEY_CHECKS, FOREIGN_KEY_CHECKS=0 */;
/*!40101 SET @OLD_SQL_MODE=@@SQL_MODE, SQL_MODE='NO_AUTO_VALUE_ON_ZERO' */;


--
-- Create schema npd
--

CREATE DATABASE /*!32312 IF NOT EXISTS*/ npd;
USE npd;

--
-- Table structure for table `npd`.`game_record`
--

DROP TABLE IF EXISTS `game_record`;
CREATE TABLE `game_record` (
  `gid` int(10) unsigned NOT NULL DEFAULT '0',
  `time` int(10) unsigned NOT NULL DEFAULT '0',
  `score` int(10) unsigned NOT NULL DEFAULT '0',
  `level` int(10) unsigned NOT NULL DEFAULT '0',
  `pid` int(10) unsigned NOT NULL DEFAULT '0',
  `rid` int(11) NOT NULL AUTO_INCREMENT,
  `date` varchar(45) NOT NULL DEFAULT '',
  `percent` int(10) unsigned DEFAULT NULL,
  `accuracy` int(10) unsigned DEFAULT NULL,
  `ext1` varchar(45) DEFAULT NULL,
  `ext2` varchar(45) DEFAULT NULL,
  `ext3` varchar(45) DEFAULT NULL,
  PRIMARY KEY (`rid`),
  UNIQUE KEY `rid_UNIQUE` (`rid`)
) ENGINE=InnoDB AUTO_INCREMENT=497 DEFAULT CHARSET=utf8 COMMENT='pipe=1;ball=2;balloon=3;breakout=4;poker=5;color=6';

--
-- Dumping data for table `npd`.`game_record`
--

/*!40000 ALTER TABLE `game_record` DISABLE KEYS */;
INSERT INTO `game_record` (`gid`,`time`,`score`,`level`,`pid`,`rid`,`date`,`percent`,`accuracy`,`ext1`,`ext2`,`ext3`) VALUES 
 (1,2090624623,300,3,1,65,'2014,10,01,01,02,03',568,0,NULL,NULL,NULL),
 (1,2090781785,300,1,20,68,'2014,10,01,03,04,05',250,0,NULL,NULL,NULL),
 (1,2091101045,300,1,20,71,'2014,10,01,11,23,34',1000,0,NULL,NULL,NULL),
 (1,2094677551,297,1,1,104,'2014,09,21,11,12,13',625,0,NULL,NULL,NULL),
 (1,2095215083,294,1,1,107,'2014,09,22,12,12,12',125,0,NULL,NULL,NULL),
 (1,2095234239,295,1,1,109,'2014,09,23,12,31,41',500,0,NULL,NULL,NULL),
 (1,2095346718,294,1,1,112,'2014,09,24,22,31,41',875,0,NULL,NULL,NULL),
 (1,2095742872,295,1,1,118,'2014,09,25,22,35,45',500,0,NULL,NULL,NULL),
 (1,2095777135,297,1,1,119,'2014,09,26,12,35,45',625,0,NULL,NULL,NULL),
 (1,2098037998,282,1,9,122,'2014,10,01',1000,0,NULL,NULL,NULL),
 (1,2098046548,294,2,9,123,'2014,10,01',1000,0,NULL,NULL,NULL),
 (1,2098055914,294,1,9,124,'2014,10,01',1000,0,NULL,NULL,NULL),
 (4,0,0,1,1,125,'2014,10,01,01,02,03',0,0,NULL,NULL,NULL),
 (2,23,0,1,1,260,'2014,10,01,13,13,13',0,0,NULL,NULL,NULL);
INSERT INTO `game_record` (`gid`,`time`,`score`,`level`,`pid`,`rid`,`date`,`percent`,`accuracy`,`ext1`,`ext2`,`ext3`) VALUES 
 (2,24,0,1,1,261,'2014,10,01,13,23,34',0,0,NULL,NULL,NULL),
 (5,0,60,2,1,262,'2014,10,01,11,22,22',0,0,NULL,NULL,NULL),
 (6,0,0,1,1,263,'2014,10,01,13,13,15',0,0,NULL,NULL,NULL),
 (1,2132261514,296,1,23,264,'2014,10,01',1000,0,NULL,NULL,NULL),
 (1,2132274045,297,1,23,265,'2014,10,01',1000,0,NULL,NULL,NULL),
 (1,2132293414,296,1,23,266,'2014,10,01',12375,0,NULL,NULL,NULL),
 (3,0,0,1,23,267,'2014,10,01,14,02,11',0,0,NULL,NULL,NULL),
 (3,0,0,3,23,268,'2014,10,01,14,12,11',0,0,NULL,NULL,NULL),
 (3,0,0,3,23,269,'2014,10,01,14,22,11',0,0,NULL,NULL,NULL),
 (3,0,0,3,23,270,'2014,10,01,14,32,11',0,0,NULL,NULL,NULL),
 (3,0,0,2,23,271,'2014,10,01,14,41,11',0,0,NULL,NULL,NULL),
 (4,0,0,1,23,272,'2014,10,01,13,02,03',0,0,NULL,NULL,NULL),
 (4,0,0,1,23,273,'2014,10,01,13,12,03',0,0,NULL,NULL,NULL),
 (4,0,0,1,23,274,'2014,10,01,13,13,03',0,0,NULL,NULL,NULL),
 (4,0,0,1,23,275,'2014,10,01,13,14,03',0,0,NULL,NULL,NULL),
 (2,53,0,2,23,276,'2014,10,01,13,34,45',0,0,NULL,NULL,NULL);
INSERT INTO `game_record` (`gid`,`time`,`score`,`level`,`pid`,`rid`,`date`,`percent`,`accuracy`,`ext1`,`ext2`,`ext3`) VALUES 
 (2,63,0,3,23,277,'2014,10,01,13,45,56',0,0,NULL,NULL,NULL),
 (6,2132738568,0,1,23,278,'2014,10,01,14,23,24',0,0,NULL,NULL,NULL),
 (6,2132749106,10,1,23,279,'2014,10,01,14,34,45',0,0,NULL,NULL,NULL),
 (6,2132760716,10,1,23,280,'2014,10,01,14,34,56',0,0,NULL,NULL,NULL),
 (6,2132772716,30,1,23,281,'2014,10,01,14,35,56',0,0,NULL,NULL,NULL),
 (6,2132793748,20,1,23,282,'2014,10,01,14,36,44',0,0,NULL,NULL,NULL),
 (5,0,50,3,23,283,'2014,10,01,13,11,22',0,0,NULL,NULL,NULL),
 (5,0,30,3,23,284,'2014,10,01,13,12,22',0,0,NULL,NULL,NULL),
 (1,2133057230,295,1,24,285,'2014,10,01',1000,0,NULL,NULL,NULL),
 (1,2133077594,295,1,24,286,'2014,10,01',1000,0,NULL,NULL,NULL),
 (3,0,0,5,24,287,'2014,10,01,14,44,11',0,0,NULL,NULL,NULL),
 (3,0,0,5,24,288,'2014,10,01,14,55,11',0,0,NULL,NULL,NULL),
 (2,31,0,1,24,289,'2014,10,01,13,46,56',0,0,NULL,NULL,NULL),
 (2,25,0,1,24,290,'2014,10,01,13,47,55',0,0,NULL,NULL,NULL),
 (2,37,0,1,24,291,'2014,10,01,13,54,56',0,0,NULL,NULL,NULL);
INSERT INTO `game_record` (`gid`,`time`,`score`,`level`,`pid`,`rid`,`date`,`percent`,`accuracy`,`ext1`,`ext2`,`ext3`) VALUES 
 (2,27,0,1,24,292,'2014,10,01,13,55,55',0,0,NULL,NULL,NULL),
 (2,35,0,1,24,293,'2014,10,01,14,12,12',0,0,NULL,NULL,NULL),
 (2,24,0,1,24,294,'2014,10,01,14,12,45',0,0,NULL,NULL,NULL),
 (2,57,0,2,24,295,'2014,10,01,14,13,14',0,0,NULL,NULL,NULL),
 (2,89,0,4,24,296,'2014,10,01,14,22,33',0,0,NULL,NULL,NULL),
 (2,102,0,5,24,297,'2014,10,01,14,35,44',0,0,NULL,NULL,NULL),
 (2,115,0,5,24,298,'2014,10,01,14,56,33',0,0,NULL,NULL,NULL),
 (2,106,0,5,24,299,'2014,10,01,14,59,33',0,0,NULL,NULL,NULL),
 (2,125,0,6,24,300,'2014,10,01,15,23,44',0,0,NULL,NULL,NULL),
 (4,0,25,1,24,301,'2014,10,01,13,15,03',0,0,NULL,NULL,NULL),
 (4,0,34,1,24,302,'2014,10,01,13,16,03',0,0,NULL,NULL,NULL),
 (4,0,56,1,24,303,'2014,10,01,13,17,03',0,0,NULL,NULL,NULL),
 (4,0,22,1,24,304,'2014,10,01,13,18,03',0,0,NULL,NULL,NULL),
 (4,0,11,1,24,305,'2014,10,01,13,19,03',0,0,NULL,NULL,NULL),
 (4,0,45,1,24,306,'2014,10,01,13,20,03',0,0,NULL,NULL,NULL),
 (4,0,34,1,24,307,'2014,10,01,13,21,03',0,0,NULL,NULL,NULL);
INSERT INTO `game_record` (`gid`,`time`,`score`,`level`,`pid`,`rid`,`date`,`percent`,`accuracy`,`ext1`,`ext2`,`ext3`) VALUES 
 (4,0,48,1,24,308,'2014,10,01,13,22,03',0,0,NULL,NULL,NULL),
 (4,0,28,1,24,309,'2014,10,01,13,23,03',0,0,NULL,NULL,NULL),
 (4,0,16,2,24,310,'2014,10,01,13,24,03',0,0,NULL,NULL,NULL),
 (4,0,55,1,24,311,'2014,10,01,13,25,03',0,0,NULL,NULL,NULL),
 (4,0,34,2,24,312,'2014,10,01,13,26,03',0,0,NULL,NULL,NULL),
 (4,0,55,1,24,313,'2014,10,01,13,28,03',0,0,NULL,NULL,NULL),
 (4,0,22,1,24,314,'2014,10,01,13,29,03',0,0,NULL,NULL,NULL),
 (4,0,23,2,24,315,'2014,10,01,13,35,03',0,0,NULL,NULL,NULL),
 (4,0,63,1,24,316,'2014,10,01,13,45,03',0,0,NULL,NULL,NULL),
 (4,0,12,2,24,317,'2014,10,01,13,55,03',0,0,NULL,NULL,NULL),
 (5,0,30,2,24,318,'2014,10,01,13,13,22',0,0,NULL,NULL,NULL),
 (5,0,60,2,24,319,'2014,10,01,13,14,22',0,0,NULL,NULL,NULL),
 (5,0,20,2,24,320,'2014,10,01,13,15,22',0,0,NULL,NULL,NULL),
 (5,0,40,3,24,321,'2014,10,01,13,16,22',0,0,NULL,NULL,NULL),
 (5,0,10,3,24,322,'2014,10,01,13,17,22',0,0,NULL,NULL,NULL),
 (5,0,50,2,24,323,'2014,10,01,13,18,22',0,0,NULL,NULL,NULL);
INSERT INTO `game_record` (`gid`,`time`,`score`,`level`,`pid`,`rid`,`date`,`percent`,`accuracy`,`ext1`,`ext2`,`ext3`) VALUES 
 (5,0,70,1,24,324,'2014,10,01,13,28,22',0,0,NULL,NULL,NULL),
 (5,0,20,2,24,325,'2014,10,01,13,33,22',0,0,NULL,NULL,NULL),
 (5,0,50,2,24,326,'2014,10,01,13,44,22',0,0,NULL,NULL,NULL),
 (6,2134141756,40,1,24,327,'2014,10,01,14,45,55',0,0,NULL,NULL,NULL),
 (6,2134163305,40,1,24,328,'2014,10,01,14,55,56',0,0,NULL,NULL,NULL),
 (6,2134171500,10,1,24,329,'2014,10,01,15,34,55',0,0,NULL,NULL,NULL),
 (1,52,295,1,1,331,'2014,09,27,13,36,46',1000,0,NULL,NULL,NULL),
 (1,36,293,2,1,332,'2014,10,01,13,14,15',1000,0,NULL,NULL,NULL),
 (1,64,294,1,1,333,'2014,09,28,15,36,46',1000,0,NULL,NULL,NULL),
 (1,35,297,1,1,334,'2014,10,01,13,14,15',1000,0,NULL,NULL,NULL),
 (1,64,294,1,1,336,'2014,10,01,21,14,15',1000,0,NULL,NULL,NULL),
 (1,641,236,1,1,337,'2014,10,01,22,12,12',1000,0,NULL,NULL,NULL),
 (1,47,296,1,1,339,'2014,10,01,23,12,33',1000,0,NULL,NULL,NULL),
 (1,29,298,1,1,347,'2014,10,08,12,12,10',1000,0,NULL,NULL,NULL),
 (1,33,297,2,1,348,'2014,10,02,12,12,15',1000,0,NULL,NULL,NULL);
INSERT INTO `game_record` (`gid`,`time`,`score`,`level`,`pid`,`rid`,`date`,`percent`,`accuracy`,`ext1`,`ext2`,`ext3`) VALUES 
 (1,38,297,1,1,349,'2014,10,08,12,12,20',1000,0,NULL,NULL,NULL),
 (1,25,260,1,1,350,'2014,10,08,12,51,52',875,0,NULL,NULL,NULL),
 (1,34,297,1,1,351,'2014,10,08,12,52,01',1000,0,NULL,NULL,NULL),
 (1,15,285,2,1,352,'2014,10,03,12,52,03',875,0,NULL,NULL,NULL),
 (1,60,294,2,1,353,'2014,10,04,12,52,30',1000,0,NULL,NULL,NULL),
 (1,53,295,3,1,354,'2014,10,08,12,52,41',1000,0,NULL,NULL,NULL),
 (1,35,297,1,1,355,'2014,10,08,13,07,20',1000,0,NULL,NULL,NULL),
 (1,37,297,2,1,356,'2014,10,06,13,07,25',1000,0,NULL,NULL,NULL),
 (1,46,296,3,1,357,'2014,10,08,13,07,30',1000,0,NULL,NULL,NULL),
 (5,0,30,1,1,358,'2014,10,06,15,30,10',0,0,NULL,NULL,NULL),
 (5,0,30,1,1,359,'2014,10,07,15,30,23',0,0,NULL,NULL,NULL),
 (5,0,40,1,1,360,'2014,10,08,15,31,53',0,0,NULL,NULL,NULL),
 (2,24,0,1,1,361,'2014,10,08,15,32,08',0,0,NULL,NULL,NULL),
 (1,76,293,1,25,362,'2014,10,08,21,42,05',1000,0,NULL,NULL,NULL),
 (1,72,293,2,25,363,'2014,10,08,21,42,16',1000,0,NULL,NULL,NULL);
INSERT INTO `game_record` (`gid`,`time`,`score`,`level`,`pid`,`rid`,`date`,`percent`,`accuracy`,`ext1`,`ext2`,`ext3`) VALUES 
 (1,102,288,3,25,364,'2014,10,08,21,42,32',994,0,NULL,NULL,NULL),
 (2,28,0,1,25,365,'2014,10,08,21,43,01',0,0,NULL,NULL,NULL),
 (6,0,0,1,1,366,'2014,10,08,21,57,00',0,0,NULL,NULL,NULL),
 (6,0,40,1,1,367,'2014,10,08,21,57,15',0,0,NULL,NULL,NULL),
 (6,0,0,1,1,368,'2014,10,08,21,57,19',0,0,NULL,NULL,NULL),
 (6,0,30,1,1,369,'2014,10,08,21,57,26',0,0,NULL,NULL,NULL),
 (6,0,200,1,1,370,'2014,10,08,21,57,49',0,0,NULL,NULL,NULL),
 (2,37,0,1,1,371,'2014,10,08,22,00,55',0,0,NULL,NULL,NULL),
 (2,24,0,1,1,372,'2014,10,08,22,01,07',0,0,NULL,NULL,NULL),
 (5,0,30,1,1,373,'2014,10,08,22,03,11',0,0,NULL,NULL,NULL),
 (5,0,30,1,1,374,'2014,10,08,22,03,15',0,0,NULL,NULL,NULL),
 (5,0,30,1,1,375,'2014,10,08,22,03,25',0,0,NULL,NULL,NULL),
 (5,0,30,1,1,376,'2014,10,08,22,03,39',0,0,NULL,NULL,NULL),
 (3,0,0,3,1,377,'2014,10,08,22,06,06',0,0,NULL,NULL,NULL),
 (3,0,0,2,1,378,'2014,10,08,22,07,19',0,0,NULL,NULL,NULL),
 (2,28,0,1,1,379,'2014,10,08,22,07,42',0,0,NULL,NULL,NULL);
INSERT INTO `game_record` (`gid`,`time`,`score`,`level`,`pid`,`rid`,`date`,`percent`,`accuracy`,`ext1`,`ext2`,`ext3`) VALUES 
 (3,0,0,1,1,380,'2014,10,11,20,52,30',0,0,NULL,NULL,NULL),
 (3,0,0,1,1,381,'2014,10,11,20,52,46',0,0,NULL,NULL,NULL),
 (3,0,0,4,1,382,'2014,10,11,21,08,38',0,0,NULL,NULL,NULL),
 (3,0,0,3,1,383,'2014,10,13,19,22,44',0,0,NULL,NULL,NULL),
 (1,55,295,3,1,384,'2014,10,13,19,23,05',1000,0,NULL,NULL,NULL),
 (6,0,20,1,1,385,'2014,10,13,19,23,41',0,0,NULL,NULL,NULL),
 (6,0,30,1,1,386,'2014,10,13,19,24,01',0,0,NULL,NULL,NULL),
 (6,0,140,1,1,387,'2014,10,13,19,24,37',0,0,NULL,NULL,NULL),
 (1,27,300,1,26,388,'2014,10,14,18,11,33',12375,0,NULL,NULL,NULL),
 (1,65,294,1,26,389,'2014,10,14,18,11,55',1000,0,NULL,NULL,NULL),
 (1,45,197,2,26,390,'2014,10,14,18,12,08',666,0,NULL,NULL,NULL),
 (1,64,294,1,26,391,'2014,10,14,18,12,36',1000,0,NULL,NULL,NULL),
 (1,51,295,2,26,392,'2014,10,14,18,12,48',1000,0,NULL,NULL,NULL),
 (1,73,293,3,26,393,'2014,10,14,18,12,59',1000,0,NULL,NULL,NULL),
 (3,0,0,3,26,394,'2014,10,14,18,15,15',0,0,NULL,NULL,NULL);
INSERT INTO `game_record` (`gid`,`time`,`score`,`level`,`pid`,`rid`,`date`,`percent`,`accuracy`,`ext1`,`ext2`,`ext3`) VALUES 
 (3,0,0,4,26,395,'2014,10,14,18,15,52',0,0,NULL,NULL,NULL),
 (5,0,30,1,26,396,'2014,10,14,18,16,19',0,0,NULL,NULL,NULL),
 (5,0,70,3,26,397,'2014,10,14,18,17,37',0,0,NULL,NULL,NULL),
 (1,33,300,1,26,398,'2014,10,14,18,18,18',12375,0,NULL,NULL,NULL),
 (1,62,294,1,26,399,'2014,10,14,18,18,53',1000,0,NULL,NULL,NULL),
 (5,0,50,1,1,400,'2014,10,14,18,20,22',0,0,NULL,NULL,NULL),
 (1,135,287,3,1,401,'2014,10,14,20,35,49',1000,0,NULL,NULL,NULL),
 (1,348,266,3,1,402,'2014,10,14,20,36,11',1000,0,NULL,NULL,NULL),
 (1,79,259,3,1,403,'2014,10,14,20,36,33',994,0,NULL,NULL,NULL),
 (2,22,0,1,1,404,'2014,10,14,20,36,47',0,0,NULL,NULL,NULL),
 (2,31,0,1,1,405,'2014,10,14,20,37,04',0,0,NULL,NULL,NULL),
 (2,31,0,1,1,406,'2014,10,14,20,37,23',0,0,NULL,NULL,NULL),
 (2,38,0,1,1,407,'2014,10,14,20,37,44',0,0,NULL,NULL,NULL),
 (5,0,30,1,1,408,'2014,10,14,20,38,17',0,0,NULL,NULL,NULL),
 (5,0,30,1,1,409,'2014,10,14,20,38,27',0,0,NULL,NULL,NULL),
 (6,0,1140,1,1,410,'2014,10,14,20,40,04',0,0,NULL,NULL,NULL);
INSERT INTO `game_record` (`gid`,`time`,`score`,`level`,`pid`,`rid`,`date`,`percent`,`accuracy`,`ext1`,`ext2`,`ext3`) VALUES 
 (6,0,0,1,1,411,'2014,10,14,20,40,17',0,0,NULL,NULL,NULL),
 (4,0,0,1,1,412,'2014,10,16,15,01,07',0,0,NULL,NULL,NULL),
 (4,0,0,1,1,413,'2014,10,16,15,03,05',0,0,NULL,NULL,NULL),
 (4,0,900,1,1,414,'2014,10,16,15,03,37',0,0,NULL,NULL,NULL),
 (4,0,0,1,1,415,'2014,10,16,15,05,19',0,0,NULL,NULL,NULL),
 (4,0,0,1,1,416,'2014,10,16,15,05,34',0,0,NULL,NULL,NULL),
 (4,0,0,1,1,417,'2014,10,16,15,06,08',0,0,NULL,NULL,NULL),
 (4,0,0,1,1,418,'2014,10,16,15,06,13',0,0,NULL,NULL,NULL),
 (4,0,0,1,1,419,'2014,10,16,15,09,38',0,0,NULL,NULL,NULL),
 (4,0,480,1,1,420,'2014,10,16,15,10,34',0,0,NULL,NULL,NULL),
 (3,0,0,2,1,421,'2014,10,16,16,30,56',0,0,NULL,NULL,NULL),
 (3,0,0,3,1,422,'2014,10,16,16,35,58',0,0,NULL,NULL,NULL),
 (3,0,0,2,1,423,'2014,10,16,16,43,23',0,0,NULL,NULL,NULL),
 (3,0,0,4,1,424,'2014,10,16,16,45,16',0,0,NULL,NULL,NULL),
 (3,0,0,2,1,425,'2014,10,16,16,49,19',0,0,NULL,NULL,NULL),
 (3,0,0,2,1,426,'2014,10,16,16,50,02',0,0,NULL,NULL,NULL);
INSERT INTO `game_record` (`gid`,`time`,`score`,`level`,`pid`,`rid`,`date`,`percent`,`accuracy`,`ext1`,`ext2`,`ext3`) VALUES 
 (3,0,0,3,1,427,'2014,10,16,16,51,08',0,0,NULL,NULL,NULL),
 (3,0,0,3,1,428,'2014,10,16,16,52,37',0,0,NULL,NULL,NULL),
 (3,0,0,3,1,429,'2014,10,16,17,02,12',0,0,NULL,NULL,NULL),
 (3,0,0,2,1,430,'2014,10,16,17,03,23',0,0,NULL,NULL,NULL),
 (3,0,0,2,1,431,'2014,10,16,17,11,53',0,0,NULL,NULL,NULL),
 (3,0,0,3,1,432,'2014,10,16,17,29,29',0,0,NULL,NULL,NULL),
 (3,0,0,3,1,433,'2014,10,16,17,32,31',0,0,NULL,NULL,NULL),
 (3,0,0,2,1,434,'2014,10,16,17,34,00',0,0,NULL,NULL,NULL),
 (3,0,0,4,1,435,'2014,10,16,17,36,17',0,0,NULL,NULL,NULL),
 (3,0,0,4,1,436,'2014,10,16,17,36,53',0,0,NULL,NULL,NULL),
 (3,0,0,5,1,437,'2014,10,16,17,37,44',0,0,NULL,NULL,NULL),
 (3,0,0,3,1,438,'2014,10,16,17,41,10',0,0,NULL,NULL,NULL),
 (3,0,0,3,1,439,'2014,10,16,17,48,44',0,0,NULL,NULL,NULL),
 (3,0,0,3,1,440,'2014,10,16,17,49,00',0,0,NULL,NULL,NULL),
 (3,0,0,5,1,441,'2014,10,16,17,49,09',0,0,NULL,NULL,NULL),
 (3,0,0,3,1,442,'2014,10,16,17,49,24',0,0,NULL,NULL,NULL);
INSERT INTO `game_record` (`gid`,`time`,`score`,`level`,`pid`,`rid`,`date`,`percent`,`accuracy`,`ext1`,`ext2`,`ext3`) VALUES 
 (3,0,0,4,1,443,'2014,10,16,17,57,43',0,0,NULL,NULL,NULL),
 (3,0,0,4,1,444,'2014,10,16,17,57,53',0,0,NULL,NULL,NULL),
 (3,0,0,5,1,445,'2014,10,16,17,58,05',0,0,NULL,NULL,NULL),
 (3,0,0,3,1,446,'2014,10,16,17,58,25',0,0,NULL,NULL,NULL),
 (3,0,0,4,1,447,'2014,10,16,17,58,39',0,0,NULL,NULL,NULL),
 (3,0,0,2,1,448,'2014,10,16,18,01,07',0,0,NULL,NULL,NULL),
 (3,0,0,3,1,449,'2014,10,16,18,01,24',0,0,NULL,NULL,NULL),
 (3,0,0,4,1,450,'2014,10,16,18,01,31',0,0,NULL,NULL,NULL),
 (3,0,0,4,1,451,'2014,10,16,18,01,44',0,0,NULL,NULL,NULL),
 (3,0,0,5,1,452,'2014,10,16,18,01,52',0,0,NULL,NULL,NULL),
 (3,0,0,4,1,453,'2014,10,16,18,02,42',0,0,NULL,NULL,NULL),
 (3,0,0,5,1,454,'2014,10,16,18,03,16',0,0,NULL,NULL,NULL),
 (4,0,160,1,1,455,'2014,10,17,13,57,31',0,0,NULL,NULL,NULL),
 (4,0,450,1,1,456,'2014,10,17,13,58,36',0,0,NULL,NULL,NULL),
 (4,0,420,1,1,457,'2014,10,17,13,59,56',0,0,NULL,NULL,NULL),
 (1,138,287,3,1,458,'2014,10,17,14,08,58',1000,0,NULL,NULL,NULL);
INSERT INTO `game_record` (`gid`,`time`,`score`,`level`,`pid`,`rid`,`date`,`percent`,`accuracy`,`ext1`,`ext2`,`ext3`) VALUES 
 (4,0,0,1,1,459,'2014,10,17,14,13,01',0,0,NULL,NULL,NULL),
 (4,0,0,1,1,460,'2014,10,17,14,13,03',0,0,NULL,NULL,NULL),
 (6,0,10,1,1,461,'2014,10,17,14,15,07',0,0,NULL,NULL,NULL),
 (6,0,50,1,1,462,'2014,10,17,14,15,24',0,0,NULL,NULL,NULL),
 (4,0,450,1,1,463,'2014,10,18,18,44,06',0,0,NULL,NULL,NULL),
 (6,0,10,1,1,464,'2014,10,18,18,44,34',0,0,NULL,NULL,NULL),
 (6,0,360,1,1,465,'2014,10,18,18,45,19',0,0,NULL,NULL,NULL),
 (2,28,0,1,1,466,'2014,10,18,20,33,03',0,0,NULL,NULL,NULL),
 (4,0,440,1,1,467,'2014,10,18,20,33,33',0,0,NULL,NULL,NULL),
 (2,26,0,1,1,468,'2014,10,18,20,36,44',0,0,NULL,NULL,NULL),
 (4,0,0,1,1,469,'2014,10,18,20,37,24',0,0,NULL,NULL,NULL),
 (1,145,300,3,1,470,'2014,10,18,20,38,31',7029,0,NULL,NULL,NULL),
 (2,27,0,1,1,471,'2014,10,18,20,38,52',0,0,NULL,NULL,NULL),
 (3,0,0,3,1,472,'2014,10,18,20,39,00',0,0,NULL,NULL,NULL),
 (4,0,450,1,1,473,'2014,10,18,20,39,25',0,0,NULL,NULL,NULL),
 (5,0,30,1,1,474,'2014,10,18,20,39,44',0,0,NULL,NULL,NULL);
INSERT INTO `game_record` (`gid`,`time`,`score`,`level`,`pid`,`rid`,`date`,`percent`,`accuracy`,`ext1`,`ext2`,`ext3`) VALUES 
 (6,0,30,1,1,475,'2014,10,18,20,39,58',0,0,NULL,NULL,NULL),
 (2,44,0,2,26,476,'2014,10,18,10,01,52',0,0,NULL,NULL,NULL),
 (2,44,0,2,26,477,'2014,10,18,10,01,58',0,0,NULL,NULL,NULL),
 (3,0,0,2,1,478,'2014,10,18,21,16,46',0,0,NULL,NULL,NULL),
 (3,0,0,3,1,479,'2014,10,18,21,17,02',0,0,NULL,NULL,NULL),
 (4,0,370,1,1,480,'2014,10,18,21,17,19',0,0,NULL,NULL,NULL),
 (4,0,320,1,1,481,'2014,10,18,21,18,43',0,0,NULL,NULL,NULL),
 (4,0,230,1,1,482,'2014,10,18,21,20,15',0,0,NULL,NULL,NULL),
 (1,63,266,3,1,483,'2014,10,21,18,41,58',142,0,NULL,NULL,NULL),
 (1,41,280,3,1,484,'2014,10,21,18,43,01',142,0,NULL,NULL,NULL),
 (2,28,0,1,1,485,'2014,10,21,18,43,18',0,0,NULL,NULL,NULL),
 (4,0,20,1,1,486,'2014,10,21,18,43,50',0,0,NULL,NULL,NULL),
 (5,0,30,1,1,487,'2014,10,21,18,44,04',0,0,NULL,NULL,NULL),
 (6,0,20,1,1,488,'2014,10,21,18,44,15',0,0,NULL,NULL,NULL),
 (1,38,300,3,1,489,'2014,10,21,18,46,50',7029,0,NULL,NULL,NULL),
 (2,28,0,1,1,490,'2014,10,21,18,47,06',0,0,NULL,NULL,NULL);
INSERT INTO `game_record` (`gid`,`time`,`score`,`level`,`pid`,`rid`,`date`,`percent`,`accuracy`,`ext1`,`ext2`,`ext3`) VALUES 
 (3,0,0,3,1,491,'2014,10,21,18,47,17',0,0,NULL,NULL,NULL),
 (4,0,10,1,1,492,'2014,10,21,18,47,37',0,0,NULL,NULL,NULL),
 (5,0,30,1,1,493,'2014,10,21,18,47,51',0,0,NULL,NULL,NULL),
 (6,0,20,1,1,494,'2014,10,21,18,48,05',0,0,NULL,NULL,NULL),
 (2,33,0,1,23,495,'2014,10,01,13,45,56',0,0,NULL,NULL,NULL),
 (4,0,110,1,1,496,'1970,01,02,11,23,15',0,0,NULL,NULL,NULL);
/*!40000 ALTER TABLE `game_record` ENABLE KEYS */;


--
-- Table structure for table `npd`.`patient`
--

DROP TABLE IF EXISTS `patient`;
CREATE TABLE `patient` (
  `pid` int(10) unsigned NOT NULL AUTO_INCREMENT,
  `patient_name` varchar(45) NOT NULL DEFAULT '',
  `age` int(10) unsigned NOT NULL DEFAULT '0',
  `pipe_level` int(10) unsigned NOT NULL DEFAULT '0',
  `ball_level` int(10) unsigned NOT NULL DEFAULT '0',
  `balloon_level` int(10) unsigned NOT NULL DEFAULT '0',
  `breakout_level` int(10) unsigned NOT NULL DEFAULT '0',
  `poker_level` int(10) unsigned NOT NULL DEFAULT '0',
  `color_level` int(10) unsigned NOT NULL DEFAULT '0',
  PRIMARY KEY (`pid`)
) ENGINE=InnoDB AUTO_INCREMENT=27 DEFAULT CHARSET=utf8;

--
-- Dumping data for table `npd`.`patient`
--

/*!40000 ALTER TABLE `patient` DISABLE KEYS */;
INSERT INTO `patient` (`pid`,`patient_name`,`age`,`pipe_level`,`ball_level`,`balloon_level`,`breakout_level`,`poker_level`,`color_level`) VALUES 
 (1,'test',3,1,1,3,1,1,1),
 (2,'abc',5,1,1,1,1,1,1),
 (5,'jun',22,1,1,1,1,1,1),
 (6,'kuai',26,1,1,1,1,1,1),
 (7,'xiao',27,1,1,1,1,1,1),
 (8,'zz',12,1,1,1,1,1,1),
 (9,'cc',9,1,1,1,1,1,1),
 (15,'rrr',10,1,1,1,1,1,1),
 (16,'bale',10,3,1,1,1,1,1),
 (17,'testq',10,3,1,1,1,1,1),
 (18,'testyq',10,1,1,1,1,1,1),
 (19,'testyq',10,1,1,1,1,1,1),
 (20,'testasd',10,1,1,1,1,1,1),
 (21,'fran',10,1,1,1,1,1,1),
 (22,'fran',10,1,1,1,1,1,1),
 (23,'timmy',10,1,3,2,1,3,1),
 (24,'matthew lloyd ',10,1,6,5,1,2,1),
 (25,'ttt',10,3,1,1,1,1,1),
 (26,'e',10,1,2,4,1,3,1);
/*!40000 ALTER TABLE `patient` ENABLE KEYS */;


--
-- Table structure for table `npd`.`user`
--

DROP TABLE IF EXISTS `user`;
CREATE TABLE `user` (
  `uid` int(10) unsigned NOT NULL AUTO_INCREMENT,
  `username` varchar(45) NOT NULL DEFAULT '',
  `password` varchar(45) NOT NULL DEFAULT '',
  `role` varchar(45) NOT NULL DEFAULT '',
  PRIMARY KEY (`uid`)
) ENGINE=InnoDB AUTO_INCREMENT=4 DEFAULT CHARSET=utf8;

--
-- Dumping data for table `npd`.`user`
--

/*!40000 ALTER TABLE `user` DISABLE KEYS */;
INSERT INTO `user` (`uid`,`username`,`password`,`role`) VALUES 
 (1,'admin','admin','admin'),
 (2,'doctorA','1','doctor'),
 (3,'doctorB','1','doctor');
/*!40000 ALTER TABLE `user` ENABLE KEYS */;

/*!40101 SET SQL_MODE=@OLD_SQL_MODE */;
/*!40014 SET FOREIGN_KEY_CHECKS=@OLD_FOREIGN_KEY_CHECKS */;
/*!40014 SET UNIQUE_CHECKS=@OLD_UNIQUE_CHECKS */;
/*!40101 SET CHARACTER_SET_CLIENT=@OLD_CHARACTER_SET_CLIENT */;
/*!40101 SET CHARACTER_SET_RESULTS=@OLD_CHARACTER_SET_RESULTS */;
/*!40101 SET COLLATION_CONNECTION=@OLD_COLLATION_CONNECTION */;
/*!40101 SET CHARACTER_SET_CLIENT=@OLD_CHARACTER_SET_CLIENT */;
